Supplier_ID,Supplier_Name,Contact_Information
1,Supplier_1,Contact_1@supplier.com
2,Supplier_2,Contact_2@supplier.com
3,Supplier_3,Contact_3@supplier.com
4,Supplier_4,Contact_4@supplier.com
5,Supplier_5,Contact_5@supplier.com
6,Supplier_6,Contact_6@supplier.com
7,Supplier_7,Contact_7@supplier.com
8,Supplier_8,Contact_8@supplier.com
9,Supplier_9,Contact_9@supplier.com
10,Supplier_10,Contact_10@supplier.com
11,Supplier_11,Contact_11@supplier.com
12,Supplier_12,Contact_12@supplier.com
13,Supplier_13,Contact_13@supplier.com
14,Supplier_14,Contact_14@supplier.com
15,Supplier_15,Contact_15@supplier.com
16,Supplier_16,Contact_16@supplier.com
17,Supplier_17,Contact_17@supplier.com
18,Supplier_18,Contact_18@supplier.com
19,Supplier_19,Contact_19@supplier.com
20,Supplier_20,Contact_20@supplier.com
21,Supplier_21,Contact_21@supplier.com
22,Supplier_22,Contact_22@supplier.com
23,Supplier_23,Contact_23@supplier.com
24,Supplier_24,Contact_24@supplier.com
25,Supplier_25,Contact_25@supplier.com
26,Supplier_26,Contact_26@supplier.com
27,Supplier_27,Contact_27@supplier.com
28,Supplier_28,Contact_28@supplier.com
29,Supplier_29,Contact_29@supplier.com
30,Supplier_30,Contact_30@supplier.com
31,Supplier_31,Contact_31@supplier.com
32,Supplier_32,Contact_32@supplier.com
33,Supplier_33,Contact_33@supplier.com
34,Supplier_34,Contact_34@supplier.com
35,Supplier_35,Contact_35@supplier.com
36,Supplier_36,Contact_36@supplier.com
37,Supplier_37,Contact_37@supplier.com
38,Supplier_38,Contact_38@supplier.com
39,Supplier_39,Contact_39@supplier.com
40,Supplier_40,Contact_40@supplier.com
41,Supplier_41,Contact_41@supplier.com
42,Supplier_42,Contact_42@supplier.com
43,Supplier_43,Contact_43@supplier.com
44,Supplier_44,Contact_44@supplier.com
45,Supplier_45,Contact_45@supplier.com
46,Supplier_46,Contact_46@supplier.com
47,Supplier_47,Contact_47@supplier.com
48,Supplier_48,Contact_48@supplier.com
49,Supplier_49,Contact_49@supplier.com
50,Supplier_50,Contact_50@supplier.com
51,Supplier_51,Contact_51@supplier.com
52,Supplier_52,Contact_52@supplier.com
53,Supplier_53,Contact_53@supplier.com
54,Supplier_54,Contact_54@supplier.com
55,Supplier_55,Contact_55@supplier.com
56,Supplier_56,Contact_56@supplier.com
57,Supplier_57,Contact_57@supplier.com
58,Supplier_58,Contact_58@supplier.com
59,Supplier_59,Contact_59@supplier.com
60,Supplier_60,Contact_60@supplier.com
61,Supplier_61,Contact_61@supplier.com
62,Supplier_62,Contact_62@supplier.com
63,Supplier_63,Contact_63@supplier.com
64,Supplier_64,Contact_64@supplier.com
65,Supplier_65,Contact_65@supplier.com
66,Supplier_66,Contact_66@supplier.com
67,Supplier_67,Contact_67@supplier.com
68,Supplier_68,Contact_68@supplier.com
69,Supplier_69,Contact_69@supplier.com
70,Supplier_70,Contact_70@supplier.com
71,Supplier_71,Contact_71@supplier.com
72,Supplier_72,Contact_72@supplier.com
73,Supplier_73,Contact_73@supplier.com
74,Supplier_74,Contact_74@supplier.com
75,Supplier_75,Contact_75@supplier.com
76,Supplier_76,Contact_76@supplier.com
77,Supplier_77,Contact_77@supplier.com
78,Supplier_78,Contact_78@supplier.com
79,Supplier_79,Contact_79@supplier.com
80,Supplier_80,Contact_80@supplier.com
81,Supplier_81,Contact_81@supplier.com
82,Supplier_82,Contact_82@supplier.com
83,Supplier_83,Contact_83@supplier.com
84,Supplier_84,Contact_84@supplier.com
85,Supplier_85,Contact_85@supplier.com
86,Supplier_86,Contact_86@supplier.com
87,Supplier_87,Contact_87@supplier.com
88,Supplier_88,Contact_88@supplier.com
89,Supplier_89,Contact_89@supplier.com
90,Supplier_90,Contact_90@supplier.com
91,Supplier_91,Contact_91@supplier.com
92,Supplier_92,Contact_92@supplier.com
93,Supplier_93,Contact_93@supplier.com
94,Supplier_94,Contact_94@supplier.com
95,Supplier_95,Contact_95@supplier.com
96,Supplier_96,Contact_96@supplier.com
97,Supplier_97,Contact_97@supplier.com
98,Supplier_98,Contact_98@supplier.com
99,Supplier_99,Contact_99@supplier.com
100,Supplier_100,Contact_100@supplier.com
